Label,# Samples,Average,Median,90% Line,95% Line,99% Line,Min,Max,Error %,Throughput,Received KB/sec,Sent KB/sec
Get All Students,2000,24,13,37,69,238,7,1099,0.000%,23.91372,766.28,2.92
Create Student,2000,45,31,82,125,277,16,767,0.000%,24.19111,4.85,5.67
Get All Courses,2000,17,13,28,42,89,7,316,0.000%,24.27479,777.89,2.94
Create Course,2000,45,31,82,123,238,14,398,0.000%,24.25154,4.83,5.66
Get All Enrollments,2000,25,19,48,70,111,9,225,0.000%,24.23626,2151.68,3.03
Create Enrollment,2000,50,36,87,133,255,19,472,0.000%,24.15430,6.24,6.35
TOTAL,12000,35,25,65,97,219,7,1099,0.000%,138.85996,3553.11,25.43
