Label,# Samples,Average,Min,Max,Std. Dev.,Error %,Throughput,Received KB/sec,Sent KB/sec,Avg. Bytes
Get All Students,2000,24,7,1099,53.09,0.000%,23.91372,766.28,2.92,32812.8
Create Student,2000,45,16,767,48.39,0.000%,24.19111,4.85,5.67,205.4
Get All Courses,2000,17,7,316,18.31,0.000%,24.27479,777.89,2.94,32814.3
Create Course,2000,45,14,398,42.10,0.000%,24.25154,4.83,5.66,204.0
Get All Enrollments,2000,25,9,225,21.84,0.000%,24.23626,2151.68,3.03,90910.0
Create Enrollment,2000,50,19,472,44.93,0.000%,24.15430,6.24,6.35,264.4
TOTAL,12000,35,7,1099,42.27,0.000%,138.85996,3553.11,25.43,26201.8
