Label,# Samples,Average,Min,Max,Std. Dev.,Error %,Throughput,Received KB/sec,Sent KB/sec,Avg. Bytes
View All Students,2000,22,8,529,26.51,0.000%,24.60297,857.04,3.00,35670.8
Create Student,2000,32,16,284,16.05,0.000%,24.75952,5.04,5.87,208.4
View All Courses,2000,23,8,681,39.07,0.000%,24.80036,863.90,3.00,35670.3
Create Course,2000,32,16,272,15.92,0.000%,24.90722,5.07,5.88,208.4
View All Enrollments,2000,24,9,561,37.45,0.000%,24.97097,963.47,3.12,39509.6
Create Enrollment,2000,32,18,305,17.51,0.000%,25.11900,5.21,7.92,212.3
TOTAL,12000,27,8,681,27.63,0.000%,142.94734,2593.70,27.56,18579.9
