Label,# Samples,Average,Min,Max,Std. Dev.,Error %,Throughput,Received KB/sec,Sent KB/sec,Avg. Bytes
Get All Students,1000,5,3,160,6.88,0.000%,47.52852,767.45,5.80,16534.7
Create Student,1000,22,10,126,6.84,0.000%,47.86063,9.58,11.22,204.9
Get All Courses,1000,4,3,16,1.25,0.000%,48.14173,777.38,5.83,16535.2
Create Course,1000,22,12,147,9.09,0.000%,48.13014,9.56,11.23,203.4
Get All Enrollments,1000,7,4,42,4.91,0.000%,48.19277,2163.18,6.02,45963.2
Create Enrollment,1000,24,11,103,8.19,0.000%,48.19045,12.42,12.66,263.9
TOTAL,6000,14,3,160,10.97,0.000%,284.49502,3690.72,52.09,13284.2
