Label,# Samples,Average,Min,Max,Std. Dev.,Error %,Throughput,Received KB/sec,Sent KB/sec,Avg. Bytes
Get All Students,200,7,3,298,21.09,0.000%,34.28767,112.07,4.19,3346.9
Create Student,200,23,10,149,10.76,0.000%,36.07504,7.20,8.46,204.5
Get All Courses,200,5,3,11,1.41,0.000%,37.03704,121.02,4.48,3345.8
Create Course,200,22,12,48,6.00,0.000%,37.00962,7.34,8.64,203.0
Get All Enrollments,200,7,4,36,4.79,0.000%,37.22315,332.97,4.65,9160.1
Create Enrollment,200,26,13,73,8.47,0.000%,37.20930,9.57,9.77,263.5
TOTAL,1200,15,3,298,13.94,0.000%,203.94290,548.49,37.34,2754.0
