Label,# Samples,Average,Median,90% Line,95% Line,99% Line,Min,Max,Error %,Throughput,Received KB/sec,Sent KB/sec
View All Students,1000,20,12,32,61,129,8,297,0.000%,12.30497,212.53,1.50
Create Student,1000,32,28,45,58,110,17,314,0.000%,12.33274,2.50,2.92
View All Courses,1000,21,12,33,68,128,8,508,0.000%,12.38068,213.83,1.50
Create Course,1000,32,28,48,62,99,16,365,0.000%,12.41141,2.52,2.93
View All Enrollments,1000,21,13,31,68,135,9,389,0.000%,12.47552,238.16,1.56
Create Enrollment,1000,33,28,46,58,134,17,370,0.000%,12.55052,2.59,3.95
TOTAL,6000,26,23,44,62,126,8,508,0.000%,71.58367,647.19,13.80
