Label,# Samples,Average,Median,90% Line,95% Line,99% Line,Min,Max,Error %,Throughput,Received KB/sec,Sent KB/sec
View All Students,4000,12,9,23,32,54,4,228,0.000%,49.93197,3552.73,6.10
Create Student,4000,25,23,36,45,65,9,181,0.000%,50.05631,10.23,11.90
View All Courses,4000,12,9,24,32,55,3,309,0.000%,50.12092,3566.42,6.07
Create Course,4000,25,23,37,44,65,10,147,0.000%,50.24053,10.26,11.90
View All Enrollments,4000,12,9,24,33,53,4,349,0.000%,50.36768,4008.04,6.30
Create Enrollment,4000,26,23,37,46,76,10,212,0.000%,50.43882,10.52,15.96
TOTAL,24000,19,18,32,40,62,3,349,0.000%,290.71176,10780.59,56.16
